a;b;c;c;c;c;c;c;c;c;c;c;c;a;a;a;a;a;c;c;c;c;c;c;c;a;a;a;a;a;a;c;c;c;c;c;c;c;c;c;c;c;c;c;c;c;c;c;c;c;c;c;c;c;c;c;c;c;c;c;c;c;c;a;a;a;a;a;a;a;a;a;a;a;a;a;a;c;c;c;c;c;c;c;c;c;c;c;c;c;c;c;c;c;c;c;a;a;a;a;a;a;c;c;c;c;c;c;c;a;c;c;c;c;c;c;c;c;c;a;a;c;c;a;a;c;c;c;c;c;c;c;c;c;c;c;c;c;c;c;c;c;c;c;c;c;c;c;c;c;c;c;c;c;c;a;a;a;a;a;a;
a;b;c;c;c;c;c;c;c;c;c;c;c;a;a;a;a;a;a;a;c;c;c;c;c;a;a;a;a;a;a;c;c;c;c;c;c;c;c;a;a;c;c;c;c;c;c;c;c;c;c;a;a;a;a;c;c;c;c;c;c;c;c;a;a;a;a;a;a;a;a;a;a;a;a;a;c;c;c;c;c;c;c;c;c;c;c;c;c;c;c;c;c;c;c;c;a;a;a;a;a;a;c;c;c;c;a;a;a;a;c;c;c;c;c;c;c;c;c;a;a;a;a;a;a;c;c;c;c;c;c;c;c;c;c;c;c;c;c;c;c;c;c;c;c;c;c;c;c;c;c;c;c;c;c;c;c;a;a;a;a;
a;b;c;c;c;c;c;c;c;c;c;c;a;a;a;a;a;a;a;a;c;c;c;c;c;a;a;a;a;a;c;c;c;c;c;c;c;c;a;a;a;a;c;c;c;c;c;c;c;c;c;a;a;a;a;c;c;c;c;c;c;c;c;c;c;c;a;a;a;a;a;a;a;c;c;c;c;c;c;c;c;c;c;c;c;c;c;c;c;c;c;c;c;c;c;c;a;a;a;a;a;c;c;c;c;c;a;a;a;a;a;a;c;c;c;c;c;c;c;c;a;a;a;a;a;c;c;c;c;c;c;c;c;c;c;c;a;a;a;c;c;c;c;c;c;c;c;c;c;c;c;c;c;c;c;c;c;a;a;a;a;
a;b;c;c;c;c;c;c;c;c;c;c;a;a;a;a;a;a;a;a;c;c;c;c;c;c;a;a;a;a;a;c;c;c;c;c;c;c;a;a;a;a;c;c;c;c;c;c;c;c;c;a;a;a;a;c;c;c;c;c;a;a;a;c;c;c;c;a;a;a;a;a;a;c;c;c;c;c;c;c;c;c;c;c;c;c;c;c;c;c;c;c;c;c;c;c;c;a;a;a;a;a;c;c;c;c;c;a;a;a;a;a;c;c;c;c;c;c;c;a;a;a;a;a;a;c;c;c;c;c;c;c;c;c;c;c;a;a;a;a;c;c;c;c;c;c;c;c;c;c;c;c;c;c;c;c;c;a;a;a;a;
a;b;c;c;c;c;c;c;c;c;c;c;a;a;a;a;a;a;c;c;c;c;c;c;c;c;a;a;a;a;a;c;c;c;c;c;c;c;a;a;a;a;c;c;c;c;c;c;c;c;c;c;a;a;a;c;c;c;c;c;a;a;a;a;c;c;a;a;a;a;a;a;a;a;c;c;c;c;c;c;c;c;c;c;c;c;c;c;c;c;c;c;c;c;c;c;c;a;a;a;a;a;c;c;c;c;a;a;a;a;a;c;c;c;c;c;c;c;a;a;a;a;a;a;a;a;c;c;c;c;c;c;c;c;c;c;a;a;a;a;c;c;a;a;c;c;c;c;c;c;c;c;c;c;c;c;a;a;a;a;a;
a;b;c;c;c;c;c;c;c;c;c;c;c;c;c;a;a;a;c;c;c;c;c;c;c;c;c;c;c;c;c;c;c;c;c;c;c;c;c;c;c;c;c;c;c;c;c;c;c;c;c;c;c;c;c;c;c;c;c;c;a;a;a;a;c;c;a;a;a;a;a;a;a;a;c;c;c;c;c;c;c;c;c;c;c;c;c;c;c;c;c;c;c;c;c;c;c;c;c;c;c;c;c;c;c;c;a;c;c;a;a;c;c;c;c;a;a;a;a;a;a;a;a;a;a;a;c;c;c;c;c;c;c;c;c;c;c;a;a;a;a;a;a;c;c;c;c;c;c;c;c;c;c;c;c;c;c;a;c;c;c;
a;b;c;a;c;c;c;c;c;c;c;c;c;c;c;c;c;a;a;a;c;c;c;c;c;c;c;c;c;c;c;c;c;c;a;a;a;c;c;c;c;c;c;c;c;c;c;c;c;c;c;c;c;c;c;c;c;c;c;c;a;a;a;c;c;a;a;a;a;c;c;c;a;a;a;c;c;c;c;c;c;c;c;c;c;c;c;c;c;c;c;c;c;c;c;c;c;c;a;a;c;c;c;c;c;c;c;c;c;c;c;c;c;c;c;a;a;a;c;c;c;a;a;c;c;c;c;c;c;c;c;c;c;c;c;c;c;a;a;a;a;l;l;l;l;l;c;c;c;c;c;c;c;c;c;c;c;c;c;c;c;
a;b;a;a;c;c;c;c;c;c;c;c;c;c;c;c;c;a;a;a;a;a;a;c;c;c;c;c;c;c;c;c;c;c;a;a;a;c;c;c;c;c;c;c;c;c;c;c;c;c;c;c;c;c;c;c;c;c;c;c;c;c;c;c;c;a;a;a;c;c;c;c;a;a;a;c;c;c;c;c;c;c;c;c;c;c;c;c;c;c;c;c;c;c;c;c;c;a;a;c;c;c;c;c;c;c;c;c;c;c;c;c;c;c;c;a;a;a;a;a;a;a;a;c;c;c;c;c;c;c;c;c;c;c;c;c;c;c;k;k;l;l;l;l;l;l;l;c;c;c;c;a;a;a;c;c;c;c;c;c;c;
a;b;a;a;a;a;a;c;c;c;c;c;c;c;c;c;a;a;a;a;a;a;a;c;c;c;c;c;c;c;c;c;a;a;a;a;a;a;a;a;c;c;c;c;c;a;a;c;c;c;c;c;c;c;c;c;c;c;c;c;c;c;c;c;c;c;c;c;c;c;c;c;a;a;a;c;c;c;c;c;c;c;c;a;a;c;c;c;c;c;c;c;c;c;a;a;a;a;a;c;a;a;c;a;a;c;a;a;c;c;c;c;c;a;a;a;a;a;a;a;a;c;c;c;c;c;c;c;c;c;c;c;c;a;a;a;k;k;k;k;l;l;l;l;l;l;l;l;c;c;c;a;a;a;c;c;c;c;c;c;c;
a;b;a;a;a;a;a;c;c;c;c;c;c;c;c;a;a;a;a;a;a;a;a;c;c;c;c;c;c;c;c;c;a;a;a;a;a;a;a;a;c;c;c;c;c;a;a;a;a;a;a;c;c;c;c;c;c;c;c;c;c;c;c;c;c;c;c;c;c;c;c;c;a;a;a;c;c;c;c;c;c;a;a;a;a;c;a;c;c;c;c;c;c;c;a;a;a;a;a;a;a;a;c;a;a;a;a;a;c;c;c;c;a;a;a;a;a;a;a;a;a;c;c;c;c;c;c;c;c;c;k;k;k;k;k;k;k;k;k;k;l;s;s;s;s;l;l;l;c;c;c;a;a;a;a;a;a;c;c;c;c;
a;b;a;a;a;c;c;c;c;c;c;c;c;c;c;a;a;a;a;a;a;a;c;c;c;c;c;c;c;c;c;c;c;a;a;a;a;a;c;c;c;c;c;c;c;a;a;a;a;a;a;c;c;c;c;c;c;c;c;c;c;c;c;c;c;c;c;c;c;a;a;a;a;a;a;a;a;c;c;c;c;a;a;a;a;a;a;c;c;c;c;c;c;c;c;c;a;a;a;a;a;c;a;a;a;a;a;c;c;c;c;c;a;a;a;a;a;a;a;a;c;c;c;a;a;a;c;c;j;j;k;k;k;k;k;k;k;k;k;s;s;s;s;s;s;s;l;l;l;c;c;c;a;a;a;a;a;c;c;c;c;
a;b;a;a;a;c;c;c;c;c;c;c;c;c;c;c;c;a;a;a;a;a;a;c;c;c;c;c;a;a;c;c;c;a;a;a;a;a;a;c;c;c;c;a;a;a;a;a;a;a;c;c;a;a;a;c;c;c;c;c;c;c;c;c;c;c;c;c;c;a;a;a;a;a;a;a;a;c;c;c;c;c;a;a;a;a;c;c;c;c;c;c;c;c;c;a;a;a;a;a;c;c;a;a;a;a;a;a;c;c;c;c;c;c;c;a;a;a;a;a;a;c;c;a;a;a;a;j;j;j;j;k;k;k;k;k;k;s;s;s;s;s;s;s;s;s;l;l;l;c;d;d;a;a;a;a;c;c;c;c;c;
a;b;c;a;a;a;c;c;c;c;c;c;c;c;c;c;c;a;a;a;a;a;a;c;a;a;a;c;a;a;c;c;c;a;a;a;a;a;a;c;c;c;c;a;a;a;a;a;a;a;a;a;a;a;a;a;a;c;c;c;c;c;c;c;c;c;c;c;c;c;c;a;a;a;a;a;c;c;c;c;c;c;a;a;a;a;c;c;c;c;a;a;a;a;a;a;a;c;a;a;a;c;c;c;a;a;a;a;a;a;a;c;c;c;a;a;a;a;a;a;a;c;c;a;a;a;j;j;j;j;r;r;r;r;r;r;s;s;s;s;u;u;u;u;s;s;q;m;m;d;d;d;d;a;a;a;c;c;c;c;c;
a;b;c;c;a;a;c;c;c;c;c;c;c;c;c;c;c;a;a;c;c;c;c;c;c;a;a;a;a;a;c;c;c;a;a;a;c;c;a;c;c;c;c;a;a;a;a;a;a;a;a;a;a;a;a;a;a;c;c;c;c;c;c;c;c;c;c;c;c;c;a;a;a;a;a;a;c;c;c;c;c;a;a;c;a;a;c;c;c;c;a;a;a;a;a;c;c;c;a;a;c;c;c;c;a;c;c;c;a;a;a;a;a;a;a;a;a;c;c;a;a;c;c;a;a;a;j;j;j;r;r;r;r;r;r;r;r;s;s;u;u;u;u;u;v;q;q;m;m;m;d;d;d;a;a;a;c;c;c;c;c;
a;b;c;c;c;c;c;c;c;c;a;a;c;c;c;c;c;c;c;c;c;c;c;c;c;c;a;a;a;a;a;a;c;c;c;c;c;c;c;c;c;c;c;c;c;a;a;a;a;a;a;a;a;a;a;a;c;c;c;c;c;c;c;c;c;c;c;c;c;c;a;a;a;a;a;a;c;c;c;c;c;c;c;c;c;c;c;c;c;a;a;a;a;a;a;c;c;c;c;c;c;c;c;c;c;c;c;a;a;a;a;a;a;a;a;a;a;c;c;c;c;c;c;c;c;c;j;j;j;r;r;r;u;u;u;u;u;u;u;u;u;u;u;v;v;q;q;m;m;m;m;d;d;d;d;a;c;c;c;c;c;
a;b;a;a;c;c;c;c;c;a;a;a;a;c;c;c;c;c;c;c;c;c;c;c;c;a;a;a;a;a;a;a;c;c;c;c;c;c;c;c;c;c;c;c;c;a;a;c;c;c;c;c;a;a;a;a;a;c;c;c;c;c;c;c;c;c;c;c;c;c;a;c;c;a;a;a;c;c;c;c;c;c;c;c;c;c;c;c;c;a;a;a;a;a;a;c;c;c;c;c;c;c;c;c;c;c;a;a;a;a;a;a;a;a;c;c;c;c;c;c;c;c;c;c;c;c;j;j;j;r;r;r;u;u;u;u;u;u;u;u;x;y;y;v;v;q;q;q;m;m;m;d;d;d;d;c;c;c;c;c;c;
a;b;a;a;c;c;c;c;c;a;a;a;a;c;c;c;c;c;c;c;c;c;c;c;a;a;a;a;a;a;c;c;c;c;c;c;c;c;a;a;c;c;c;c;c;c;c;c;a;c;c;c;a;a;a;a;a;c;c;c;c;c;c;c;c;c;c;c;c;c;c;c;c;c;c;c;c;c;c;c;c;c;c;c;c;c;c;c;c;c;a;a;a;a;a;c;c;c;c;c;c;c;c;c;c;c;a;a;a;a;a;a;a;c;c;c;c;c;c;c;c;c;c;c;c;c;j;j;j;r;r;t;t;u;x;x;x;x;u;x;x;y;y;v;v;q;q;q;q;m;m;m;m;d;d;d;d;c;c;c;c;
a;b;a;a;c;c;c;c;c;a;a;a;a;c;c;c;c;c;c;c;c;c;c;c;a;a;c;a;a;a;c;c;c;c;c;a;a;a;a;a;c;c;c;a;a;a;a;a;a;a;c;c;c;c;c;c;c;c;c;c;c;c;c;c;c;c;c;c;c;c;c;c;c;c;c;c;c;c;c;c;c;c;c;c;c;c;c;c;c;c;a;a;a;c;c;c;c;c;c;c;c;c;c;c;c;c;c;c;a;a;a;a;a;a;c;c;c;c;c;c;c;c;c;c;c;c;j;j;j;r;r;t;t;t;x;x;x;x;x;x;y;y;y;v;v;q;q;q;q;q;m;m;m;m;d;d;d;c;c;c;c;
a;b;a;c;c;c;c;c;c;c;c;c;c;c;c;c;c;c;c;c;c;c;c;c;c;c;c;c;a;a;c;c;c;c;c;c;a;a;a;a;a;c;c;a;a;a;a;a;a;a;c;c;c;c;c;c;c;c;a;a;c;c;c;c;c;c;c;c;c;c;c;c;c;c;c;c;c;c;c;c;c;c;c;c;c;c;c;c;c;c;c;c;c;c;c;c;c;c;c;c;c;c;c;c;c;c;c;c;a;a;a;a;a;a;c;c;c;c;c;c;c;c;c;c;c;c;j;j;j;q;r;r;t;t;x;x;x;x;x;x;y;y;y;v;v;v;v;q;q;q;q;m;m;m;d;d;d;c;c;c;c;
a;b;c;c;c;c;c;c;c;c;c;c;c;c;c;c;c;c;c;c;c;c;c;c;c;c;c;c;c;c;c;c;c;c;c;c;a;a;a;a;a;c;c;a;a;a;a;a;a;a;c;c;c;c;c;c;c;a;a;a;c;c;c;c;c;c;c;c;c;c;a;a;a;c;c;c;c;c;c;c;c;c;c;c;c;c;c;c;c;c;c;a;a;a;c;c;c;c;c;c;c;c;c;c;c;c;c;c;a;a;c;c;c;c;c;c;c;c;c;c;a;a;c;c;c;c;j;j;j;q;q;q;t;t;t;x;x;x;x;x;y;y;y;y;y;v;v;v;q;q;q;q;m;m;m;e;e;e;c;c;c;
S;b;a;a;c;c;c;c;c;c;a;c;c;a;a;a;c;c;c;c;c;c;c;c;c;c;c;c;c;c;c;c;c;c;c;a;a;a;a;a;c;c;c;a;a;a;a;a;a;a;a;c;c;c;c;a;a;a;a;a;a;a;a;c;c;c;c;c;c;c;a;a;a;c;a;a;c;c;c;c;c;c;c;c;c;c;c;c;c;c;a;a;a;a;a;a;c;c;c;c;c;c;c;c;c;c;c;c;c;c;c;c;c;c;c;c;c;c;a;a;a;a;a;a;c;c;c;i;i;i;q;q;q;t;t;x;x;x;x;E;z;y;y;y;y;y;v;v;v;q;q;q;n;n;n;e;e;e;c;c;c;
a;b;a;a;c;c;c;c;c;c;a;a;a;a;a;a;c;c;c;c;c;c;c;c;c;c;c;c;c;c;c;c;c;c;c;c;c;c;a;a;c;c;a;a;a;a;a;a;a;a;a;a;c;c;c;a;a;a;a;a;a;a;a;c;c;c;c;c;a;a;a;a;a;a;a;a;c;c;c;c;c;c;c;c;c;c;c;c;c;c;a;a;a;a;a;a;c;c;c;c;c;c;c;c;c;c;c;c;c;c;c;c;c;c;c;c;c;c;a;a;a;a;a;a;c;c;c;i;i;i;q;q;t;t;t;x;x;x;y;y;y;y;y;y;y;v;v;v;v;q;q;q;n;n;n;e;e;e;c;c;c;
a;b;a;a;a;a;a;c;c;c;a;a;a;a;a;a;c;c;c;c;c;c;c;c;c;c;c;c;c;c;c;c;c;c;c;c;c;c;c;c;c;c;a;a;a;a;a;a;a;a;a;a;c;c;c;c;a;a;a;a;a;a;c;c;c;c;c;c;a;a;a;a;a;a;a;a;c;c;c;c;c;c;c;c;c;c;c;c;c;c;a;a;a;a;a;a;c;c;c;c;c;c;c;c;c;c;c;c;c;c;c;c;c;c;c;c;c;c;c;a;a;a;a;a;c;c;i;i;i;q;q;q;t;t;x;x;y;y;y;y;y;y;y;w;v;v;v;v;r;r;r;q;n;n;n;e;e;e;c;c;c;
a;b;a;a;a;a;a;c;c;c;a;a;a;a;a;a;a;c;c;c;c;c;c;c;c;a;a;a;c;c;c;c;c;c;c;c;c;c;c;c;c;c;a;a;c;a;a;a;c;c;c;c;c;c;c;c;a;a;a;a;a;a;c;c;c;c;c;c;a;a;a;a;a;a;a;c;c;c;c;c;c;c;c;c;c;c;c;c;c;c;c;a;a;a;a;a;c;c;c;c;c;c;c;c;c;c;c;c;c;c;c;c;c;c;c;c;c;c;a;a;a;a;a;c;c;c;i;i;i;q;q;t;t;t;x;x;x;y;y;y;y;y;w;w;w;v;r;r;r;r;r;n;n;n;e;e;e;c;c;c;c;
a;b;a;a;a;c;c;c;c;a;a;a;a;a;a;a;a;c;c;c;c;c;c;c;c;a;a;a;a;c;c;c;c;c;c;c;c;c;c;c;c;c;c;c;c;c;a;a;c;c;c;c;c;c;c;c;a;a;a;a;a;a;c;c;c;c;c;c;c;c;a;a;a;a;a;c;c;c;c;c;c;c;c;c;c;c;c;c;c;c;c;a;a;c;a;a;c;c;c;c;c;c;c;c;c;c;c;c;c;c;c;c;c;c;c;c;c;c;a;a;a;a;a;c;c;c;i;i;q;q;q;t;t;x;x;x;w;w;w;w;y;y;y;w;w;r;r;r;r;n;n;n;n;n;e;e;e;c;c;c;c;
a;b;a;a;a;c;c;c;c;a;a;a;a;a;a;a;a;c;c;c;c;c;c;c;c;a;a;a;a;c;c;c;c;c;a;a;a;a;a;c;c;c;c;c;c;c;a;a;c;c;c;c;c;c;c;c;a;a;c;c;a;a;c;c;c;c;c;c;c;a;a;a;c;a;a;a;c;c;c;c;c;c;c;c;c;c;c;c;c;c;c;c;c;c;c;c;c;c;c;c;c;c;c;c;c;c;c;c;c;c;c;c;c;c;c;c;c;c;c;c;c;c;c;c;c;c;i;i;q;q;q;t;t;t;w;w;w;w;w;w;y;w;w;w;r;r;r;r;n;n;n;n;n;e;e;e;c;c;c;c;c;
a;b;c;a;a;a;c;c;c;c;c;c;a;a;a;c;c;c;c;c;c;c;c;c;c;a;a;a;c;c;c;c;c;c;a;a;a;a;a;c;c;c;c;c;c;c;c;c;c;c;c;c;a;a;a;a;c;c;c;c;c;c;c;c;c;c;c;c;c;c;a;a;c;c;c;c;c;c;c;c;c;c;c;c;c;c;c;c;c;c;c;c;c;c;c;c;c;c;c;c;c;c;c;a;a;a;a;c;c;c;c;c;c;c;c;c;c;c;c;c;c;c;c;c;c;i;i;i;q;q;q;t;t;t;s;s;s;s;s;w;w;w;w;w;r;r;r;n;n;n;n;e;e;e;e;c;c;c;c;c;c;
a;b;c;c;a;a;c;c;c;c;c;c;a;a;a;c;c;c;c;c;c;c;c;c;c;c;c;c;c;c;c;c;c;a;a;a;a;a;a;c;c;c;c;c;c;c;c;c;c;c;c;c;a;a;a;a;c;c;c;c;c;c;c;c;c;c;c;c;c;c;c;c;c;c;c;c;c;c;c;c;c;c;c;c;c;c;c;c;c;c;c;c;c;c;c;c;c;c;c;c;c;c;a;a;a;a;a;c;c;c;c;c;c;c;c;c;c;c;c;c;c;c;c;c;c;i;i;i;q;q;q;q;t;s;s;s;s;s;s;s;w;w;w;w;r;r;o;n;n;n;f;e;e;e;a;c;c;c;c;c;c;
a;b;c;c;c;c;c;c;c;c;c;c;c;c;c;c;c;c;c;c;c;c;c;c;c;c;c;c;c;c;c;c;c;a;a;a;a;a;a;c;c;c;c;c;c;c;c;c;c;c;c;c;a;a;a;a;c;c;c;c;c;c;c;c;c;c;c;c;c;c;c;c;c;c;c;c;c;c;c;c;c;c;c;c;c;c;c;c;c;c;c;c;c;c;c;c;c;c;c;c;c;c;a;a;a;a;a;a;c;c;c;c;c;c;c;c;c;c;c;c;c;c;c;c;c;i;i;i;i;q;q;p;p;s;s;s;s;s;s;s;w;w;w;w;r;r;o;o;n;f;f;f;e;a;a;c;c;c;c;c;c;
a;b;c;c;c;c;c;c;c;c;c;c;c;c;c;c;c;c;c;c;c;c;c;c;c;c;c;c;c;c;c;c;c;a;a;a;a;a;a;c;a;a;a;c;c;c;c;c;c;c;c;c;c;a;a;c;c;c;c;c;c;c;c;c;c;c;c;c;c;c;c;c;c;c;c;c;c;c;c;c;c;c;c;c;c;c;c;c;a;a;a;c;c;c;c;c;c;c;c;c;c;c;a;a;a;a;a;a;c;c;c;c;c;c;c;c;c;c;c;c;c;c;c;c;c;c;i;h;h;p;p;p;p;p;p;p;p;p;s;s;s;s;s;r;r;r;o;o;n;f;f;f;a;a;a;a;a;c;c;c;c;
a;b;c;c;c;c;c;c;c;c;c;c;c;c;c;c;c;c;c;c;c;c;c;c;c;c;c;c;c;c;c;c;c;c;c;a;a;c;c;c;a;a;a;a;a;c;c;c;c;c;c;c;c;c;c;c;c;c;c;c;c;c;c;c;c;c;c;c;c;c;c;c;c;c;c;c;c;c;c;c;c;c;c;c;c;c;c;c;a;a;a;a;a;a;c;c;c;c;c;c;c;c;a;a;a;a;a;c;c;c;c;c;c;c;c;c;c;c;c;c;c;c;c;c;c;c;h;h;h;h;p;p;p;p;p;p;p;p;p;p;s;s;s;s;r;o;o;o;f;f;f;a;a;a;a;a;a;c;c;c;c;
a;b;c;c;c;c;c;c;c;c;a;a;a;c;c;c;c;c;c;c;c;c;c;c;c;c;c;c;c;c;c;c;c;c;c;c;c;c;c;a;a;a;a;a;c;c;c;c;c;c;c;c;c;c;c;c;c;c;c;c;c;c;c;c;c;c;c;c;c;c;c;c;c;c;c;c;c;c;c;c;c;a;c;c;c;c;a;a;a;a;a;a;a;a;c;c;c;c;c;c;c;c;c;c;a;a;a;c;c;c;c;c;c;c;c;c;c;c;c;c;c;c;c;c;c;c;c;h;h;h;h;h;h;h;h;h;p;p;p;p;o;s;s;s;o;o;o;o;f;f;f;a;a;a;a;a;c;c;c;c;c;
a;b;c;c;c;c;c;c;c;c;a;a;a;a;c;c;c;c;c;a;a;c;c;c;c;c;c;c;c;c;c;c;c;c;c;c;c;c;c;a;a;a;a;a;c;c;c;c;c;c;c;c;c;c;c;c;c;c;c;c;c;c;c;c;c;c;c;c;a;a;c;c;c;c;c;c;c;c;c;c;a;a;c;c;c;c;a;a;a;a;a;a;a;a;c;c;c;c;c;c;c;c;c;c;c;c;c;c;c;c;c;c;c;c;c;c;c;c;c;c;c;c;c;c;c;c;c;c;h;h;h;h;h;h;h;h;h;g;p;p;o;o;o;o;o;o;o;f;f;f;a;a;a;a;a;c;c;c;c;c;c;
a;b;a;a;c;c;c;c;c;c;a;a;a;a;c;c;c;c;c;a;a;c;a;a;c;c;c;c;c;c;c;c;c;c;c;c;c;c;c;c;a;a;a;a;a;c;c;c;c;c;c;c;c;c;c;c;c;c;c;c;a;a;c;a;a;c;c;a;a;a;a;a;a;c;c;c;c;a;a;a;a;a;c;a;a;c;a;a;a;a;a;a;a;c;c;c;c;c;c;c;c;c;c;c;c;c;c;c;c;c;c;c;c;c;c;c;c;c;c;c;c;c;c;c;c;c;c;c;c;c;c;h;h;h;h;h;h;g;g;g;o;o;o;o;o;o;f;f;f;f;a;a;a;a;a;a;c;c;c;c;c;
a;b;a;a;a;c;c;c;c;c;a;a;a;a;c;c;c;c;c;a;a;a;a;a;c;c;c;c;c;c;c;c;c;c;c;c;c;c;c;c;a;a;c;c;c;c;c;c;c;c;c;c;c;c;c;c;c;c;c;c;a;a;a;a;a;c;c;a;a;a;a;a;a;c;c;c;c;a;a;a;a;a;a;a;a;c;c;c;a;a;a;a;a;c;c;c;c;c;c;c;c;c;c;c;c;c;c;c;c;c;c;c;c;c;c;c;c;a;a;a;c;a;a;c;c;c;c;c;c;c;c;c;c;c;c;c;g;g;g;g;g;o;o;o;o;f;f;f;f;c;c;c;c;a;a;c;c;c;c;c;c;
a;b;a;a;a;c;c;c;c;c;c;c;c;c;c;c;c;a;a;a;a;a;a;c;c;c;c;a;a;c;c;c;c;c;c;c;c;c;c;c;c;c;c;c;c;c;c;a;a;a;c;c;c;c;c;c;c;c;c;c;c;a;a;a;a;a;a;a;a;a;a;a;a;c;a;a;c;c;c;a;a;a;a;a;c;c;c;c;a;a;c;a;a;a;c;c;c;c;c;c;c;c;c;c;c;c;c;c;c;c;c;c;c;c;c;c;c;a;a;a;a;a;a;c;c;c;c;c;c;c;c;c;c;c;c;c;c;a;g;g;g;g;g;g;g;g;f;f;f;c;c;c;c;c;c;c;c;c;c;c;c;
a;b;a;a;a;c;c;c;c;c;c;c;c;c;c;c;c;a;a;a;a;a;a;a;a;c;a;a;a;a;c;c;c;c;c;c;c;c;a;a;a;c;c;c;c;c;c;a;a;a;a;c;c;c;c;c;c;c;c;c;a;a;a;a;a;a;a;a;a;a;a;a;a;a;a;a;c;c;a;a;a;a;a;c;c;c;c;c;a;a;a;a;a;c;c;c;c;c;c;c;c;c;c;c;c;c;c;a;a;c;c;c;c;c;c;c;c;a;a;a;a;a;a;c;c;c;c;c;c;c;c;c;c;c;c;c;c;a;a;g;g;g;g;g;g;g;f;c;c;c;c;c;c;c;c;c;c;c;c;c;a;
a;b;a;a;c;c;c;c;c;c;c;c;c;c;c;c;c;a;c;c;a;a;a;a;a;c;a;a;a;a;c;c;c;c;c;c;c;c;a;a;a;c;c;c;c;c;c;a;a;a;a;c;c;c;c;c;c;c;c;c;a;a;a;a;c;c;a;a;a;a;a;a;a;a;a;a;c;c;a;a;c;a;a;a;c;c;c;c;c;c;a;a;a;c;c;c;c;c;c;c;c;c;c;c;c;a;a;a;a;a;a;c;c;c;c;c;a;a;a;a;a;a;a;c;c;c;c;c;c;c;c;c;c;c;c;c;a;a;a;a;c;c;g;g;g;g;c;c;c;c;c;c;c;c;c;c;c;c;c;a;a;
a;b;a;a;c;c;c;c;c;c;c;c;c;c;c;c;c;c;c;a;a;a;c;a;c;c;a;a;a;a;c;c;c;c;c;a;a;a;a;a;a;a;a;c;c;c;c;a;a;a;c;c;c;c;c;c;c;c;c;c;c;c;a;a;c;c;a;a;a;a;a;a;a;a;c;c;c;c;c;c;c;a;a;c;c;c;c;c;a;a;c;a;a;a;a;a;c;c;c;c;c;c;c;c;c;a;a;a;a;a;a;c;c;c;c;c;a;a;a;a;a;a;a;a;c;c;c;c;c;c;c;c;c;c;c;c;a;a;a;c;c;c;c;c;c;c;c;c;c;c;c;c;c;c;c;a;a;a;c;a;a;
a;b;c;c;c;c;c;c;c;c;c;c;c;c;c;c;c;c;c;a;a;c;c;c;c;c;c;c;c;c;c;c;c;c;c;a;a;a;a;a;a;a;a;c;c;c;c;c;c;c;c;c;c;c;c;c;c;c;c;c;c;c;c;a;a;a;a;a;a;a;a;a;a;a;c;c;c;c;c;c;c;c;c;c;c;c;c;c;a;a;a;a;a;a;a;a;c;c;c;c;c;c;c;c;c;a;a;a;a;a;a;c;c;c;c;c;a;a;a;a;a;a;a;a;c;c;c;c;c;c;c;c;c;c;c;c;a;c;a;c;c;c;c;c;c;c;c;c;c;c;c;c;c;c;c;a;a;a;a;a;a;
a;b;c;c;c;c;c;c;c;c;c;c;c;c;c;c;c;c;c;c;c;c;c;c;c;c;c;c;c;c;c;c;c;c;c;c;a;a;a;a;a;a;c;c;c;c;c;c;c;c;c;c;c;c;c;c;c;c;c;c;c;c;c;a;a;a;a;a;a;a;a;a;a;a;a;c;c;c;c;c;c;c;c;c;c;c;c;c;c;a;a;a;a;a;a;c;c;c;c;c;c;c;c;c;c;a;a;a;a;a;c;c;c;c;c;c;c;c;a;a;a;c;c;c;c;c;c;c;c;c;c;c;c;c;c;c;c;c;c;c;c;c;c;c;c;c;c;c;c;c;c;c;c;c;c;c;a;a;a;a;a;